<beans xmlns="http://www.springframework.org/schema/beans"
	   xmlns:context="http://www.springframework.org/schema/context"
       xmlns:xsi="http://www.w3.org/2001/XMLSchema-instance"
       xsi:schemaLocation="
                http://www.springframework.org/schema/beans
                http://www.springframework.org/schema/beans/spring-beans.xsd
                http://www.springframework.org/schema/context
		 		http://www.springframework.org/schema/context/spring-context-3.0.xsd
                ">
   
  <context:component-scan base-package="com\lnt\travel\controllers" />
  
  <bean id="viewResolver" class="org.springframework.web.servlet.view.InternalResourceViewResolver">
		<property name="prefix" value="/WEB-INF/jsps/" />
		<property name="suffix" value=".jsp"/>
  </bean>
  
  <!-- <bean id="exceptionMapping" class="org.springframework.web.servlet.handler.SimpleMappingExceptionResolver">
		<property name="mappedHandlers">
			<set>
				<ref bean="itemController" />
			</set>
		</property>
		<property name="exceptionMappings">
			<props>
				<prop key="com.lnt.shop.exceptions.ShopException">Errors</prop>
				<prop key="java.lang.Exception">Errors</prop>
			</props>
		</property>
	</bean> -->
</beans>